--
-- PostgreSQL database dump
--

-- Dumped from database version 14.18 (Homebrew)
-- Dumped by pg_dump version 14.18 (Homebrew)

SET statement_timeout = 0;
SET lock_timeout = 0;
SET idle_in_transaction_session_timeout = 0;
SET client_encoding = 'UTF8';
SET standard_conforming_strings = on;
SELECT pg_catalog.set_config('search_path', '', false);
SET check_function_bodies = false;
SET xmloption = content;
SET client_min_messages = warning;
SET row_security = off;

SET default_tablespace = '';

SET default_table_access_method = heap;

--
-- Name: accounts_pendinginvitation; Type: TABLE; Schema: public; Owner: oleonb
--

CREATE TABLE public.accounts_pendinginvitation (
    id bigint NOT NULL,
    username character varying(150) NOT NULL,
    requested_at timestamp with time zone NOT NULL,
    is_approved boolean NOT NULL,
    household_id bigint NOT NULL,
    role character varying(20) NOT NULL
);


ALTER TABLE public.accounts_pendinginvitation OWNER TO oleonb;

--
-- Name: accounts_pendinginvitation_id_seq; Type: SEQUENCE; Schema: public; Owner: oleonb
--

ALTER TABLE public.accounts_pendinginvitation ALTER COLUMN id ADD GENERATED BY DEFAULT AS IDENTITY (
    SEQUENCE NAME public.accounts_pendinginvitation_id_seq
    START WITH 1
    INCREMENT BY 1
    NO MINVALUE
    NO MAXVALUE
    CACHE 1
);


--
-- Name: accounts_user; Type: TABLE; Schema: public; Owner: oleonb
--

CREATE TABLE public.accounts_user (
    id bigint NOT NULL,
    password character varying(128) NOT NULL,
    last_login timestamp with time zone,
    is_superuser boolean NOT NULL,
    username character varying(150) NOT NULL,
    first_name character varying(150) NOT NULL,
    last_name character varying(150) NOT NULL,
    email character varying(254) NOT NULL,
    is_staff boolean NOT NULL,
    is_active boolean NOT NULL,
    date_joined timestamp with time zone NOT NULL,
    role character varying(20) NOT NULL,
    household_id bigint,
    was_approved boolean NOT NULL,
    birthdate date,
    avatar character varying(100),
    ai_assistant_enabled boolean NOT NULL,
    notification_preferences jsonb NOT NULL,
    preferred_language character varying(2) NOT NULL
);


ALTER TABLE public.accounts_user OWNER TO oleonb;

--
-- Name: accounts_user_groups; Type: TABLE; Schema: public; Owner: oleonb
--

CREATE TABLE public.accounts_user_groups (
    id bigint NOT NULL,
    user_id bigint NOT NULL,
    group_id integer NOT NULL
);


ALTER TABLE public.accounts_user_groups OWNER TO oleonb;

--
-- Name: accounts_user_groups_id_seq; Type: SEQUENCE; Schema: public; Owner: oleonb
--

ALTER TABLE public.accounts_user_groups ALTER COLUMN id ADD GENERATED BY DEFAULT AS IDENTITY (
    SEQUENCE NAME public.accounts_user_groups_id_seq
    START WITH 1
    INCREMENT BY 1
    NO MINVALUE
    NO MAXVALUE
    CACHE 1
);


--
-- Name: accounts_user_id_seq; Type: SEQUENCE; Schema: public; Owner: oleonb
--

ALTER TABLE public.accounts_user ALTER COLUMN id ADD GENERATED BY DEFAULT AS IDENTITY (
    SEQUENCE NAME public.accounts_user_id_seq
    START WITH 1
    INCREMENT BY 1
    NO MINVALUE
    NO MAXVALUE
    CACHE 1
);


--
-- Name: accounts_user_user_permissions; Type: TABLE; Schema: public; Owner: oleonb
--

CREATE TABLE public.accounts_user_user_permissions (
    id bigint NOT NULL,
    user_id bigint NOT NULL,
    permission_id integer NOT NULL
);


ALTER TABLE public.accounts_user_user_permissions OWNER TO oleonb;

--
-- Name: accounts_user_user_permissions_id_seq; Type: SEQUENCE; Schema: public; Owner: oleonb
--

ALTER TABLE public.accounts_user_user_permissions ALTER COLUMN id ADD GENERATED BY DEFAULT AS IDENTITY (
    SEQUENCE NAME public.accounts_user_user_permissions_id_seq
    START WITH 1
    INCREMENT BY 1
    NO MINVALUE
    NO MAXVALUE
    CACHE 1
);


--
-- Name: audit_auditlog; Type: TABLE; Schema: public; Owner: oleonb
--

CREATE TABLE public.audit_auditlog (
    id bigint NOT NULL,
    action character varying(30) NOT NULL,
    target character varying(255) NOT NULL,
    "timestamp" timestamp with time zone NOT NULL,
    details text NOT NULL,
    performed_by_id bigint NOT NULL
);


ALTER TABLE public.audit_auditlog OWNER TO oleonb;

--
-- Name: audit_auditlog_id_seq; Type: SEQUENCE; Schema: public; Owner: oleonb
--

ALTER TABLE public.audit_auditlog ALTER COLUMN id ADD GENERATED BY DEFAULT AS IDENTITY (
    SEQUENCE NAME public.audit_auditlog_id_seq
    START WITH 1
    INCREMENT BY 1
    NO MINVALUE
    NO MAXVALUE
    CACHE 1
);


--
-- Name: auth_group; Type: TABLE; Schema: public; Owner: oleonb
--

CREATE TABLE public.auth_group (
    id integer NOT NULL,
    name character varying(150) NOT NULL
);


ALTER TABLE public.auth_group OWNER TO oleonb;

--
-- Name: auth_group_id_seq; Type: SEQUENCE; Schema: public; Owner: oleonb
--

ALTER TABLE public.auth_group ALTER COLUMN id ADD GENERATED BY DEFAULT AS IDENTITY (
    SEQUENCE NAME public.auth_group_id_seq
    START WITH 1
    INCREMENT BY 1
    NO MINVALUE
    NO MAXVALUE
    CACHE 1
);


--
-- Name: auth_group_permissions; Type: TABLE; Schema: public; Owner: oleonb
--

CREATE TABLE public.auth_group_permissions (
    id bigint NOT NULL,
    group_id integer NOT NULL,
    permission_id integer NOT NULL
);


ALTER TABLE public.auth_group_permissions OWNER TO oleonb;

--
-- Name: auth_group_permissions_id_seq; Type: SEQUENCE; Schema: public; Owner: oleonb
--

ALTER TABLE public.auth_group_permissions ALTER COLUMN id ADD GENERATED BY DEFAULT AS IDENTITY (
    SEQUENCE NAME public.auth_group_permissions_id_seq
    START WITH 1
    INCREMENT BY 1
    NO MINVALUE
    NO MAXVALUE
    CACHE 1
);


--
-- Name: auth_permission; Type: TABLE; Schema: public; Owner: oleonb
--

CREATE TABLE public.auth_permission (
    id integer NOT NULL,
    name character varying(255) NOT NULL,
    content_type_id integer NOT NULL,
    codename character varying(100) NOT NULL
);


ALTER TABLE public.auth_permission OWNER TO oleonb;

--
-- Name: auth_permission_id_seq; Type: SEQUENCE; Schema: public; Owner: oleonb
--

ALTER TABLE public.auth_permission ALTER COLUMN id ADD GENERATED BY DEFAULT AS IDENTITY (
    SEQUENCE NAME public.auth_permission_id_seq
    START WITH 1
    INCREMENT BY 1
    NO MINVALUE
    NO MAXVALUE
    CACHE 1
);


--
-- Name: chartofaccounts_account; Type: TABLE; Schema: public; Owner: oleonb
--

CREATE TABLE public.chartofaccounts_account (
    id bigint NOT NULL,
    name character varying(100) NOT NULL,
    type character varying(20) NOT NULL,
    is_default boolean NOT NULL,
    household_id bigint NOT NULL,
    created_at timestamp with time zone NOT NULL,
    currency character varying(10) NOT NULL,
    functional_type character varying(20) NOT NULL,
    parent_id bigint
);


ALTER TABLE public.chartofaccounts_account OWNER TO oleonb;

--
-- Name: chartofaccounts_account_id_seq; Type: SEQUENCE; Schema: public; Owner: oleonb
--

ALTER TABLE public.chartofaccounts_account ALTER COLUMN id ADD GENERATED BY DEFAULT AS IDENTITY (
    SEQUENCE NAME public.chartofaccounts_account_id_seq
    START WITH 1
    INCREMENT BY 1
    NO MINVALUE
    NO MAXVALUE
    CACHE 1
);


--
-- Name: chat_chat; Type: TABLE; Schema: public; Owner: oleonb
--

CREATE TABLE public.chat_chat (
    id bigint NOT NULL,
    created_at timestamp with time zone NOT NULL,
    updated_at timestamp with time zone NOT NULL
);


ALTER TABLE public.chat_chat OWNER TO oleonb;

--
-- Name: chat_chat_id_seq; Type: SEQUENCE; Schema: public; Owner: oleonb
--

ALTER TABLE public.chat_chat ALTER COLUMN id ADD GENERATED BY DEFAULT AS IDENTITY (
    SEQUENCE NAME public.chat_chat_id_seq
    START WITH 1
    INCREMENT BY 1
    NO MINVALUE
    NO MAXVALUE
    CACHE 1
);


--
-- Name: chat_chat_participants; Type: TABLE; Schema: public; Owner: oleonb
--

CREATE TABLE public.chat_chat_participants (
    id bigint NOT NULL,
    chat_id bigint NOT NULL,
    user_id bigint NOT NULL
);


ALTER TABLE public.chat_chat_participants OWNER TO oleonb;

--
-- Name: chat_chat_participants_id_seq; Type: SEQUENCE; Schema: public; Owner: oleonb
--

ALTER TABLE public.chat_chat_participants ALTER COLUMN id ADD GENERATED BY DEFAULT AS IDENTITY (
    SEQUENCE NAME public.chat_chat_participants_id_seq
    START WITH 1
    INCREMENT BY 1
    NO MINVALUE
    NO MAXVALUE
    CACHE 1
);


--
-- Name: chat_chat_transactions; Type: TABLE; Schema: public; Owner: oleonb
--

CREATE TABLE public.chat_chat_transactions (
    id bigint NOT NULL,
    chat_id bigint NOT NULL,
    transaction_id bigint NOT NULL
);


ALTER TABLE public.chat_chat_transactions OWNER TO oleonb;

--
-- Name: chat_chat_transactions_id_seq; Type: SEQUENCE; Schema: public; Owner: oleonb
--

ALTER TABLE public.chat_chat_transactions ALTER COLUMN id ADD GENERATED BY DEFAULT AS IDENTITY (
    SEQUENCE NAME public.chat_chat_transactions_id_seq
    START WITH 1
    INCREMENT BY 1
    NO MINVALUE
    NO MAXVALUE
    CACHE 1
);


--
-- Name: chat_message; Type: TABLE; Schema: public; Owner: oleonb
--

CREATE TABLE public.chat_message (
    id bigint NOT NULL,
    text text NOT NULL,
    attachment character varying(100),
    created_at timestamp with time zone NOT NULL,
    chat_id bigint NOT NULL,
    sender_id bigint NOT NULL,
    deleted_for_everyone boolean NOT NULL,
    edited_at timestamp with time zone,
    reply_to_id bigint,
    forwarded_from_id bigint,
    pinned boolean NOT NULL,
    reactions jsonb NOT NULL
);


ALTER TABLE public.chat_message OWNER TO oleonb;

--
-- Name: chat_message_deleted_for; Type: TABLE; Schema: public; Owner: oleonb
--

CREATE TABLE public.chat_message_deleted_for (
    id bigint NOT NULL,
    message_id bigint NOT NULL,
    user_id bigint NOT NULL
);


ALTER TABLE public.chat_message_deleted_for OWNER TO oleonb;

--
-- Name: chat_message_deleted_for_id_seq; Type: SEQUENCE; Schema: public; Owner: oleonb
--

ALTER TABLE public.chat_message_deleted_for ALTER COLUMN id ADD GENERATED BY DEFAULT AS IDENTITY (
    SEQUENCE NAME public.chat_message_deleted_for_id_seq
    START WITH 1
    INCREMENT BY 1
    NO MINVALUE
    NO MAXVALUE
    CACHE 1
);


--
-- Name: chat_message_id_seq; Type: SEQUENCE; Schema: public; Owner: oleonb
--

ALTER TABLE public.chat_message ALTER COLUMN id ADD GENERATED BY DEFAULT AS IDENTITY (
    SEQUENCE NAME public.chat_message_id_seq
    START WITH 1
    INCREMENT BY 1
    NO MINVALUE
    NO MAXVALUE
    CACHE 1
);


--
-- Name: chat_message_starred_by; Type: TABLE; Schema: public; Owner: oleonb
--

CREATE TABLE public.chat_message_starred_by (
    id bigint NOT NULL,
    message_id bigint NOT NULL,
    user_id bigint NOT NULL
);


ALTER TABLE public.chat_message_starred_by OWNER TO oleonb;

--
-- Name: chat_message_starred_by_id_seq; Type: SEQUENCE; Schema: public; Owner: oleonb
--

ALTER TABLE public.chat_message_starred_by ALTER COLUMN id ADD GENERATED BY DEFAULT AS IDENTITY (
    SEQUENCE NAME public.chat_message_starred_by_id_seq
    START WITH 1
    INCREMENT BY 1
    NO MINVALUE
    NO MAXVALUE
    CACHE 1
);


--
-- Name: django_admin_log; Type: TABLE; Schema: public; Owner: oleonb
--

CREATE TABLE public.django_admin_log (
    id integer NOT NULL,
    action_time timestamp with time zone NOT NULL,
    object_id text,
    object_repr character varying(200) NOT NULL,
    action_flag smallint NOT NULL,
    change_message text NOT NULL,
    content_type_id integer,
    user_id bigint NOT NULL,
    CONSTRAINT django_admin_log_action_flag_check CHECK ((action_flag >= 0))
);


ALTER TABLE public.django_admin_log OWNER TO oleonb;

--
-- Name: django_admin_log_id_seq; Type: SEQUENCE; Schema: public; Owner: oleonb
--

ALTER TABLE public.django_admin_log ALTER COLUMN id ADD GENERATED BY DEFAULT AS IDENTITY (
    SEQUENCE NAME public.django_admin_log_id_seq
    START WITH 1
    INCREMENT BY 1
    NO MINVALUE
    NO MAXVALUE
    CACHE 1
);


--
-- Name: django_content_type; Type: TABLE; Schema: public; Owner: oleonb
--

CREATE TABLE public.django_content_type (
    id integer NOT NULL,
    app_label character varying(100) NOT NULL,
    model character varying(100) NOT NULL
);


ALTER TABLE public.django_content_type OWNER TO oleonb;

--
-- Name: django_content_type_id_seq; Type: SEQUENCE; Schema: public; Owner: oleonb
--

ALTER TABLE public.django_content_type ALTER COLUMN id ADD GENERATED BY DEFAULT AS IDENTITY (
    SEQUENCE NAME public.django_content_type_id_seq
    START WITH 1
    INCREMENT BY 1
    NO MINVALUE
    NO MAXVALUE
    CACHE 1
);


--
-- Name: django_migrations; Type: TABLE; Schema: public; Owner: oleonb
--

CREATE TABLE public.django_migrations (
    id bigint NOT NULL,
    app character varying(255) NOT NULL,
    name character varying(255) NOT NULL,
    applied timestamp with time zone NOT NULL
);


ALTER TABLE public.django_migrations OWNER TO oleonb;

--
-- Name: django_migrations_id_seq; Type: SEQUENCE; Schema: public; Owner: oleonb
--

ALTER TABLE public.django_migrations ALTER COLUMN id ADD GENERATED BY DEFAULT AS IDENTITY (
    SEQUENCE NAME public.django_migrations_id_seq
    START WITH 1
    INCREMENT BY 1
    NO MINVALUE
    NO MAXVALUE
    CACHE 1
);


--
-- Name: django_session; Type: TABLE; Schema: public; Owner: oleonb
--

CREATE TABLE public.django_session (
    session_key character varying(40) NOT NULL,
    session_data text NOT NULL,
    expire_date timestamp with time zone NOT NULL
);


ALTER TABLE public.django_session OWNER TO oleonb;

--
-- Name: django_site; Type: TABLE; Schema: public; Owner: oleonb
--

CREATE TABLE public.django_site (
    id integer NOT NULL,
    domain character varying(100) NOT NULL,
    name character varying(50) NOT NULL
);


ALTER TABLE public.django_site OWNER TO oleonb;

--
-- Name: django_site_id_seq; Type: SEQUENCE; Schema: public; Owner: oleonb
--

ALTER TABLE public.django_site ALTER COLUMN id ADD GENERATED BY DEFAULT AS IDENTITY (
    SEQUENCE NAME public.django_site_id_seq
    START WITH 1
    INCREMENT BY 1
    NO MINVALUE
    NO MAXVALUE
    CACHE 1
);


--
-- Name: households_household; Type: TABLE; Schema: public; Owner: oleonb
--

CREATE TABLE public.households_household (
    id bigint NOT NULL,
    name character varying(100) NOT NULL,
    created_at timestamp with time zone NOT NULL
);


ALTER TABLE public.households_household OWNER TO oleonb;

--
-- Name: households_household_id_seq; Type: SEQUENCE; Schema: public; Owner: oleonb
--

ALTER TABLE public.households_household ALTER COLUMN id ADD GENERATED BY DEFAULT AS IDENTITY (
    SEQUENCE NAME public.households_household_id_seq
    START WITH 1
    INCREMENT BY 1
    NO MINVALUE
    NO MAXVALUE
    CACHE 1
);


--
-- Name: transactions_tag; Type: TABLE; Schema: public; Owner: oleonb
--

CREATE TABLE public.transactions_tag (
    id bigint NOT NULL,
    name character varying(255) NOT NULL
);


ALTER TABLE public.transactions_tag OWNER TO oleonb;

--
-- Name: transactions_tag_id_seq; Type: SEQUENCE; Schema: public; Owner: oleonb
--

ALTER TABLE public.transactions_tag ALTER COLUMN id ADD GENERATED BY DEFAULT AS IDENTITY (
    SEQUENCE NAME public.transactions_tag_id_seq
    START WITH 1
    INCREMENT BY 1
    NO MINVALUE
    NO MAXVALUE
    CACHE 1
);


--
-- Name: transactions_transaction; Type: TABLE; Schema: public; Owner: oleonb
--

CREATE TABLE public.transactions_transaction (
    id bigint NOT NULL,
    type character varying(20) NOT NULL,
    amount numeric(12,2) NOT NULL,
    date date NOT NULL,
    description text,
    category character varying(100),
    is_imported boolean NOT NULL,
    bank_transaction_id character varying(255),
    status character varying(50) NOT NULL,
    created_at timestamp with time zone NOT NULL,
    modified_at timestamp with time zone NOT NULL,
    created_by_id bigint,
    destination_account_id bigint,
    household_id bigint NOT NULL,
    source_account_id bigint
);


ALTER TABLE public.transactions_transaction OWNER TO oleonb;

--
-- Name: transactions_transaction_id_seq; Type: SEQUENCE; Schema: public; Owner: oleonb
--

ALTER TABLE public.transactions_transaction ALTER COLUMN id ADD GENERATED BY DEFAULT AS IDENTITY (
    SEQUENCE NAME public.transactions_transaction_id_seq
    START WITH 1
    INCREMENT BY 1
    NO MINVALUE
    NO MAXVALUE
    CACHE 1
);


--
-- Name: transactions_transaction_tags; Type: TABLE; Schema: public; Owner: oleonb
--

CREATE TABLE public.transactions_transaction_tags (
    id bigint NOT NULL,
    transaction_id bigint NOT NULL,
    tag_id bigint NOT NULL
);


ALTER TABLE public.transactions_transaction_tags OWNER TO oleonb;

--
-- Name: transactions_transaction_tags_id_seq; Type: SEQUENCE; Schema: public; Owner: oleonb
--

ALTER TABLE public.transactions_transaction_tags ALTER COLUMN id ADD GENERATED BY DEFAULT AS IDENTITY (
    SEQUENCE NAME public.transactions_transaction_tags_id_seq
    START WITH 1
    INCREMENT BY 1
    NO MINVALUE
    NO MAXVALUE
    CACHE 1
);


--
-- Data for Name: accounts_pendinginvitation; Type: TABLE DATA; Schema: public; Owner: oleonb
--

COPY public.accounts_pendinginvitation (id, username, requested_at, is_approved, household_id, role) FROM stdin;
\.


--
-- Data for Name: accounts_user; Type: TABLE DATA; Schema: public; Owner: oleonb
--

COPY public.accounts_user (id, password, last_login, is_superuser, username, first_name, last_name, email, is_staff, is_active, date_joined, role, household_id, was_approved, birthdate, avatar, ai_assistant_enabled, notification_preferences, preferred_language) FROM stdin;
5	pbkdf2_sha256$1000000$F5J83ZTPsh19vcyZHclF6b$BvqsqeqhiYOjMpWGfQjo9uMSQCTIALu0tHQLxu+SNI0=	\N	f	aleon	Alessandro	Leon	none@gmail.com	f	t	2025-04-23 22:44:09.872-05	member	1	t	2017-08-31		t	{}	en
7	pbkdf2_sha256$1000000$MG6BY5zL6pF3kfLmp8lJaE$ZQ7r/lWAFiLqR8dTePbDR8fVDQ1BxTxNVD6nIf3VPK0=	\N	f	nleon	Natali	Leon	naty.cuba13@gmail.com	f	t	2025-04-26 10:35:13.932-05	member	1	t	1992-08-02		t	{}	en
1	pbkdf2_sha256$870000$8A5BYRks3lyRMri9pAIoQe$kInNyrJuWWZcCcycTvf+qT08Yf/kUZ6DFNhF7j5ckWI=	2025-05-30 22:59:24.233764-05	t	oleonb	Osmani	Leon	osmanileon92@gmail.com	t	t	2025-04-22 19:53:28.615-05	admin	1	t	1992-08-25		t	{}	en
\.


--
-- Data for Name: accounts_user_groups; Type: TABLE DATA; Schema: public; Owner: oleonb
--

COPY public.accounts_user_groups (id, user_id, group_id) FROM stdin;
\.


--
-- Data for Name: accounts_user_user_permissions; Type: TABLE DATA; Schema: public; Owner: oleonb
--

COPY public.accounts_user_user_permissions (id, user_id, permission_id) FROM stdin;
\.


--
-- Data for Name: audit_auditlog; Type: TABLE DATA; Schema: public; Owner: oleonb
--

COPY public.audit_auditlog (id, action, target, "timestamp", details, performed_by_id) FROM stdin;
\.


--
-- Data for Name: auth_group; Type: TABLE DATA; Schema: public; Owner: oleonb
--

COPY public.auth_group (id, name) FROM stdin;
\.


--
-- Data for Name: auth_group_permissions; Type: TABLE DATA; Schema: public; Owner: oleonb
--

COPY public.auth_group_permissions (id, group_id, permission_id) FROM stdin;
\.


--
-- Data for Name: auth_permission; Type: TABLE DATA; Schema: public; Owner: oleonb
--

COPY public.auth_permission (id, name, content_type_id, codename) FROM stdin;
1	Can add log entry	1	add_logentry
2	Can change log entry	1	change_logentry
3	Can delete log entry	1	delete_logentry
4	Can view log entry	1	view_logentry
5	Can add permission	2	add_permission
6	Can change permission	2	change_permission
7	Can delete permission	2	delete_permission
8	Can view permission	2	view_permission
9	Can add group	3	add_group
10	Can change group	3	change_group
11	Can delete group	3	delete_group
12	Can view group	3	view_group
13	Can add content type	4	add_contenttype
14	Can change content type	4	change_contenttype
15	Can delete content type	4	delete_contenttype
16	Can view content type	4	view_contenttype
17	Can add session	5	add_session
18	Can change session	5	change_session
19	Can delete session	5	delete_session
20	Can view session	5	view_session
21	Can add user	6	add_user
22	Can change user	6	change_user
23	Can delete user	6	delete_user
24	Can view user	6	view_user
25	Can add pending invitation	7	add_pendinginvitation
26	Can change pending invitation	7	change_pendinginvitation
27	Can delete pending invitation	7	delete_pendinginvitation
28	Can view pending invitation	7	view_pendinginvitation
29	Can add household	8	add_household
30	Can change household	8	change_household
31	Can delete household	8	delete_household
32	Can view household	8	view_household
33	Can add transaction	9	add_transaction
34	Can change transaction	9	change_transaction
35	Can delete transaction	9	delete_transaction
36	Can view transaction	9	view_transaction
37	Can add tag	10	add_tag
38	Can change tag	10	change_tag
39	Can delete tag	10	delete_tag
40	Can view tag	10	view_tag
41	Can add audit log	11	add_auditlog
42	Can change audit log	11	change_auditlog
43	Can delete audit log	11	delete_auditlog
44	Can view audit log	11	view_auditlog
45	Can add account	12	add_account
46	Can change account	12	change_account
47	Can delete account	12	delete_account
48	Can view account	12	view_account
49	Can add chat	13	add_chat
50	Can change chat	13	change_chat
51	Can delete chat	13	delete_chat
52	Can view chat	13	view_chat
53	Can add message	14	add_message
54	Can change message	14	change_message
55	Can delete message	14	delete_message
56	Can view message	14	view_message
57	Can add user	15	add_user
58	Can change user	15	change_user
59	Can delete user	15	delete_user
60	Can view user	15	view_user
61	Can add site	16	add_site
62	Can change site	16	change_site
63	Can delete site	16	delete_site
64	Can view site	16	view_site
\.


--
-- Data for Name: chartofaccounts_account; Type: TABLE DATA; Schema: public; Owner: oleonb
--

COPY public.chartofaccounts_account (id, name, type, is_default, household_id, created_at, currency, functional_type, parent_id) FROM stdin;
1	Cuenta Banco BBVA	BANK	t	1	2025-05-08 22:05:24.05-05	USD	OTHER	\N
\.


--
-- Data for Name: chat_chat; Type: TABLE DATA; Schema: public; Owner: oleonb
--

COPY public.chat_chat (id, created_at, updated_at) FROM stdin;
1	2025-05-10 17:08:08.032-05	2025-05-10 17:08:08.032-05
5	2025-05-10 17:19:01.153-05	2025-05-10 17:19:01.153-05
6	2025-05-10 17:21:10.98-05	2025-05-10 17:21:10.98-05
\.


--
-- Data for Name: chat_chat_participants; Type: TABLE DATA; Schema: public; Owner: oleonb
--

COPY public.chat_chat_participants (id, chat_id, user_id) FROM stdin;
6	1	1
7	5	1
8	5	5
9	6	1
10	6	7
\.


--
-- Data for Name: chat_chat_transactions; Type: TABLE DATA; Schema: public; Owner: oleonb
--

COPY public.chat_chat_transactions (id, chat_id, transaction_id) FROM stdin;
\.


--
-- Data for Name: chat_message; Type: TABLE DATA; Schema: public; Owner: oleonb
--

COPY public.chat_message (id, text, attachment, created_at, chat_id, sender_id, deleted_for_everyone, edited_at, reply_to_id, forwarded_from_id, pinned, reactions) FROM stdin;
\.


--
-- Data for Name: chat_message_deleted_for; Type: TABLE DATA; Schema: public; Owner: oleonb
--

COPY public.chat_message_deleted_for (id, message_id, user_id) FROM stdin;
\.


--
-- Data for Name: chat_message_starred_by; Type: TABLE DATA; Schema: public; Owner: oleonb
--

COPY public.chat_message_starred_by (id, message_id, user_id) FROM stdin;
\.


--
-- Data for Name: django_admin_log; Type: TABLE DATA; Schema: public; Owner: oleonb
--

COPY public.django_admin_log (id, action_time, object_id, object_repr, action_flag, change_message, content_type_id, user_id) FROM stdin;
\.


--
-- Data for Name: django_content_type; Type: TABLE DATA; Schema: public; Owner: oleonb
--

COPY public.django_content_type (id, app_label, model) FROM stdin;
1	admin	logentry
2	auth	permission
3	auth	group
4	contenttypes	contenttype
5	sessions	session
6	accounts	user
7	accounts	pendinginvitation
8	households	household
9	transactions	transaction
10	transactions	tag
11	audit	auditlog
12	chartofaccounts	account
13	chat	chat
14	chat	message
15	auth	user
16	sites	site
\.


--
-- Data for Name: django_migrations; Type: TABLE DATA; Schema: public; Owner: oleonb
--

COPY public.django_migrations (id, app, name, applied) FROM stdin;
1	households	0001_initial	2025-05-28 09:14:49.855037-05
2	contenttypes	0001_initial	2025-05-28 09:14:49.867411-05
3	contenttypes	0002_remove_content_type_name	2025-05-28 09:14:49.870493-05
4	auth	0001_initial	2025-05-28 09:14:49.886966-05
5	auth	0002_alter_permission_name_max_length	2025-05-28 09:14:49.889726-05
6	auth	0003_alter_user_email_max_length	2025-05-28 09:14:49.891852-05
7	auth	0004_alter_user_username_opts	2025-05-28 09:14:49.893778-05
8	auth	0005_alter_user_last_login_null	2025-05-28 09:14:49.896296-05
9	auth	0006_require_contenttypes_0002	2025-05-28 09:14:49.89702-05
10	auth	0007_alter_validators_add_error_messages	2025-05-28 09:14:49.899131-05
11	auth	0008_alter_user_username_max_length	2025-05-28 09:14:49.901094-05
12	auth	0009_alter_user_last_name_max_length	2025-05-28 09:14:49.903265-05
13	auth	0010_alter_group_name_max_length	2025-05-28 09:14:49.906045-05
14	auth	0011_update_proxy_permissions	2025-05-28 09:14:49.908034-05
15	auth	0012_alter_user_first_name_max_length	2025-05-28 09:14:49.90996-05
16	accounts	0001_initial	2025-05-28 09:14:49.936795-05
17	accounts	0002_user_was_approved	2025-05-28 09:14:49.941358-05
18	accounts	0003_user_birthdate	2025-05-28 09:14:49.944215-05
19	accounts	0004_user_avatar	2025-05-28 09:14:49.949133-05
20	admin	0001_initial	2025-05-28 09:14:49.96427-05
21	admin	0002_logentry_remove_auto_add	2025-05-28 09:14:49.967324-05
22	admin	0003_logentry_add_action_flag_choices	2025-05-28 09:14:49.970134-05
23	audit	0001_initial	2025-05-28 09:14:49.980884-05
24	chartofaccounts	0001_initial	2025-05-28 09:14:49.988457-05
25	chartofaccounts	0002_account_created_at_account_currency_and_more	2025-05-28 09:14:50.033191-05
26	chartofaccounts	0003_alter_account_created_at	2025-05-28 09:14:50.035993-05
27	transactions	0001_initial	2025-05-28 09:14:50.057648-05
28	transactions	0002_tag_transaction_tags	2025-05-28 09:14:50.070614-05
29	chat	0001_initial	2025-05-28 09:14:50.109048-05
30	chat	0002_message_deleted_for_message_deleted_for_everyone_and_more	2025-05-28 09:14:50.174522-05
31	chat	0003_message_forwarded_from_message_pinned_and_more	2025-05-28 09:14:50.229057-05
32	sessions	0001_initial	2025-05-28 09:14:50.241095-05
33	accounts	0005_pendinginvitation_role_user_ai_assistant_enabled_and_more	2025-05-31 09:01:40.868952-05
34	sites	0001_initial	2025-05-31 09:02:12.027848-05
35	sites	0002_alter_domain_unique	2025-05-31 09:02:12.045484-05
\.


--
-- Data for Name: django_session; Type: TABLE DATA; Schema: public; Owner: oleonb
--

COPY public.django_session (session_key, session_data, expire_date) FROM stdin;
sgdlgtnckzp8nhwhb6250mzz7wz89a9s	.eJxVjDsOwjAQBe_iGlm76y-U9DmDtY5tHEC2lE-FuDtESgHtm5n3EoG3tYZtyXOYkrgIFKffLfL4yG0H6c7t1uXY2zpPUe6KPOgih57y83q4fweVl_qtrUcCVSICp1GDY2KrCQEAS6HsVS5klNMGo0NlKYHJPkVj4lkrT1q8P7iPNo4:1uKI2B:3SlIE7yFGh_74jsSfgSGAarTNTGbKH0tWyPGdS5aGdA	2025-06-11 09:45:35.218403-05
sp8e1amxlvzljik1pptem2x2hc6ibfma	.eJxVjDsOwjAQBe_iGln-LjYlPWewdtcGB5AtxUmFuDtESgHtm5n3EgnXpaZ1lDlNWZyEFoffjZAfpW0g37HduuTelnkiuSlyp0Neei7P8-7-HVQc9Vu7DPaqNAZPmiJzBCjGFmY2HomdQ-eCRx2cJxNVtEQGLCAfAawyRbw_5rI3kQ:1uLDNU:6E-w34oGwButHN8TaNo4oL1yr79QfPQggPyhXRKITO0	2025-06-13 22:59:24.234564-05
\.


--
-- Data for Name: django_site; Type: TABLE DATA; Schema: public; Owner: oleonb
--

COPY public.django_site (id, domain, name) FROM stdin;
1	example.com	example.com
\.


--
-- Data for Name: households_household; Type: TABLE DATA; Schema: public; Owner: oleonb
--

COPY public.households_household (id, name, created_at) FROM stdin;
1	Leon's Family	2025-04-22 19:53:28.614-05
\.


--
-- Data for Name: transactions_tag; Type: TABLE DATA; Schema: public; Owner: oleonb
--

COPY public.transactions_tag (id, name) FROM stdin;
1	VIP
2	Urgent
\.


--
-- Data for Name: transactions_transaction; Type: TABLE DATA; Schema: public; Owner: oleonb
--

COPY public.transactions_transaction (id, type, amount, date, description, category, is_imported, bank_transaction_id, status, created_at, modified_at, created_by_id, destination_account_id, household_id, source_account_id) FROM stdin;
1	INCOME	4000.00	2025-05-05	Pago de cliente	Comission	f	\N	confirmed	2025-05-05 15:55:45.995-05	2025-05-10 14:05:03.837-05	1	1	1	\N
2	INCOME	15000.00	2025-05-01	UHC	Comission	f	\N	Confirmed	2025-05-06 11:59:31.654-05	2025-05-10 12:41:33.693-05	1	\N	1	\N
3	TRANSFER	50000.00	2025-05-07	Wellcare	Comission	f	\N	Pending	2025-05-07 21:13:03.389-05	2025-05-10 11:54:49.851-05	1	\N	1	\N
4	EXPENSE	600.00	2025-05-07	Auto Loan	Car	f	\N	Pending	2025-05-07 21:14:43.436-05	2025-05-09 14:14:12.295-05	1	\N	1	\N
5	EXPENSE	150.00	2025-05-07	Compra de comida	food	f	\N	confirmed	2025-05-08 21:21:03.342-05	2025-05-10 12:46:10.034-05	1	\N	1	\N
6	INCOME	1000.00	2025-04-01	UHC	Comission	f	\N	Pending	2025-05-10 12:22:16.657-05	2025-05-10 12:46:16.491-05	1	\N	1	\N
\.


--
-- Data for Name: transactions_transaction_tags; Type: TABLE DATA; Schema: public; Owner: oleonb
--

COPY public.transactions_transaction_tags (id, transaction_id, tag_id) FROM stdin;
6	2	1
7	2	2
8	3	1
9	3	2
10	5	1
\.


--
-- Name: accounts_pendinginvitation_id_seq; Type: SEQUENCE SET; Schema: public; Owner: oleonb
--

SELECT pg_catalog.setval('public.accounts_pendinginvitation_id_seq', 1, false);


--
-- Name: accounts_user_groups_id_seq; Type: SEQUENCE SET; Schema: public; Owner: oleonb
--

SELECT pg_catalog.setval('public.accounts_user_groups_id_seq', 1, false);


--
-- Name: accounts_user_id_seq; Type: SEQUENCE SET; Schema: public; Owner: oleonb
--

SELECT pg_catalog.setval('public.accounts_user_id_seq', 7, true);


--
-- Name: accounts_user_user_permissions_id_seq; Type: SEQUENCE SET; Schema: public; Owner: oleonb
--

SELECT pg_catalog.setval('public.accounts_user_user_permissions_id_seq', 1, false);


--
-- Name: audit_auditlog_id_seq; Type: SEQUENCE SET; Schema: public; Owner: oleonb
--

SELECT pg_catalog.setval('public.audit_auditlog_id_seq', 1, false);


--
-- Name: auth_group_id_seq; Type: SEQUENCE SET; Schema: public; Owner: oleonb
--

SELECT pg_catalog.setval('public.auth_group_id_seq', 1, false);


--
-- Name: auth_group_permissions_id_seq; Type: SEQUENCE SET; Schema: public; Owner: oleonb
--

SELECT pg_catalog.setval('public.auth_group_permissions_id_seq', 1, false);


--
-- Name: auth_permission_id_seq; Type: SEQUENCE SET; Schema: public; Owner: oleonb
--

SELECT pg_catalog.setval('public.auth_permission_id_seq', 64, true);


--
-- Name: chartofaccounts_account_id_seq; Type: SEQUENCE SET; Schema: public; Owner: oleonb
--

SELECT pg_catalog.setval('public.chartofaccounts_account_id_seq', 1, true);


--
-- Name: chat_chat_id_seq; Type: SEQUENCE SET; Schema: public; Owner: oleonb
--

SELECT pg_catalog.setval('public.chat_chat_id_seq', 6, true);


--
-- Name: chat_chat_participants_id_seq; Type: SEQUENCE SET; Schema: public; Owner: oleonb
--

SELECT pg_catalog.setval('public.chat_chat_participants_id_seq', 10, true);


--
-- Name: chat_chat_transactions_id_seq; Type: SEQUENCE SET; Schema: public; Owner: oleonb
--

SELECT pg_catalog.setval('public.chat_chat_transactions_id_seq', 1, false);


--
-- Name: chat_message_deleted_for_id_seq; Type: SEQUENCE SET; Schema: public; Owner: oleonb
--

SELECT pg_catalog.setval('public.chat_message_deleted_for_id_seq', 1, false);


--
-- Name: chat_message_id_seq; Type: SEQUENCE SET; Schema: public; Owner: oleonb
--

SELECT pg_catalog.setval('public.chat_message_id_seq', 1, false);


--
-- Name: chat_message_starred_by_id_seq; Type: SEQUENCE SET; Schema: public; Owner: oleonb
--

SELECT pg_catalog.setval('public.chat_message_starred_by_id_seq', 1, false);


--
-- Name: django_admin_log_id_seq; Type: SEQUENCE SET; Schema: public; Owner: oleonb
--

SELECT pg_catalog.setval('public.django_admin_log_id_seq', 1, false);


--
-- Name: django_content_type_id_seq; Type: SEQUENCE SET; Schema: public; Owner: oleonb
--

SELECT pg_catalog.setval('public.django_content_type_id_seq', 16, true);


--
-- Name: django_migrations_id_seq; Type: SEQUENCE SET; Schema: public; Owner: oleonb
--

SELECT pg_catalog.setval('public.django_migrations_id_seq', 35, true);


--
-- Name: django_site_id_seq; Type: SEQUENCE SET; Schema: public; Owner: oleonb
--

SELECT pg_catalog.setval('public.django_site_id_seq', 1, true);


--
-- Name: households_household_id_seq; Type: SEQUENCE SET; Schema: public; Owner: oleonb
--

SELECT pg_catalog.setval('public.households_household_id_seq', 1, true);


--
-- Name: transactions_tag_id_seq; Type: SEQUENCE SET; Schema: public; Owner: oleonb
--

SELECT pg_catalog.setval('public.transactions_tag_id_seq', 2, true);


--
-- Name: transactions_transaction_id_seq; Type: SEQUENCE SET; Schema: public; Owner: oleonb
--

SELECT pg_catalog.setval('public.transactions_transaction_id_seq', 6, true);


--
-- Name: transactions_transaction_tags_id_seq; Type: SEQUENCE SET; Schema: public; Owner: oleonb
--

SELECT pg_catalog.setval('public.transactions_transaction_tags_id_seq', 10, true);


--
-- Name: accounts_pendinginvitation accounts_pendinginvitation_pkey; Type: CONSTRAINT; Schema: public; Owner: oleonb
--

ALTER TABLE ONLY public.accounts_pendinginvitation
    ADD CONSTRAINT accounts_pendinginvitation_pkey PRIMARY KEY (id);


--
-- Name: accounts_user_groups accounts_user_groups_pkey; Type: CONSTRAINT; Schema: public; Owner: oleonb
--

ALTER TABLE ONLY public.accounts_user_groups
    ADD CONSTRAINT accounts_user_groups_pkey PRIMARY KEY (id);


--
-- Name: accounts_user_groups accounts_user_groups_user_id_group_id_59c0b32f_uniq; Type: CONSTRAINT; Schema: public; Owner: oleonb
--

ALTER TABLE ONLY public.accounts_user_groups
    ADD CONSTRAINT accounts_user_groups_user_id_group_id_59c0b32f_uniq UNIQUE (user_id, group_id);


--
-- Name: accounts_user accounts_user_pkey; Type: CONSTRAINT; Schema: public; Owner: oleonb
--

ALTER TABLE ONLY public.accounts_user
    ADD CONSTRAINT accounts_user_pkey PRIMARY KEY (id);


--
-- Name: accounts_user_user_permissions accounts_user_user_permi_user_id_permission_id_2ab516c2_uniq; Type: CONSTRAINT; Schema: public; Owner: oleonb
--

ALTER TABLE ONLY public.accounts_user_user_permissions
    ADD CONSTRAINT accounts_user_user_permi_user_id_permission_id_2ab516c2_uniq UNIQUE (user_id, permission_id);


--
-- Name: accounts_user_user_permissions accounts_user_user_permissions_pkey; Type: CONSTRAINT; Schema: public; Owner: oleonb
--

ALTER TABLE ONLY public.accounts_user_user_permissions
    ADD CONSTRAINT accounts_user_user_permissions_pkey PRIMARY KEY (id);


--
-- Name: accounts_user accounts_user_username_key; Type: CONSTRAINT; Schema: public; Owner: oleonb
--

ALTER TABLE ONLY public.accounts_user
    ADD CONSTRAINT accounts_user_username_key UNIQUE (username);


--
-- Name: audit_auditlog audit_auditlog_pkey; Type: CONSTRAINT; Schema: public; Owner: oleonb
--

ALTER TABLE ONLY public.audit_auditlog
    ADD CONSTRAINT audit_auditlog_pkey PRIMARY KEY (id);


--
-- Name: auth_group auth_group_name_key; Type: CONSTRAINT; Schema: public; Owner: oleonb
--

ALTER TABLE ONLY public.auth_group
    ADD CONSTRAINT auth_group_name_key UNIQUE (name);


--
-- Name: auth_group_permissions auth_group_permissions_group_id_permission_id_0cd325b0_uniq; Type: CONSTRAINT; Schema: public; Owner: oleonb
--

ALTER TABLE ONLY public.auth_group_permissions
    ADD CONSTRAINT auth_group_permissions_group_id_permission_id_0cd325b0_uniq UNIQUE (group_id, permission_id);


--
-- Name: auth_group_permissions auth_group_permissions_pkey; Type: CONSTRAINT; Schema: public; Owner: oleonb
--

ALTER TABLE ONLY public.auth_group_permissions
    ADD CONSTRAINT auth_group_permissions_pkey PRIMARY KEY (id);


--
-- Name: auth_group auth_group_pkey; Type: CONSTRAINT; Schema: public; Owner: oleonb
--

ALTER TABLE ONLY public.auth_group
    ADD CONSTRAINT auth_group_pkey PRIMARY KEY (id);


--
-- Name: auth_permission auth_permission_content_type_id_codename_01ab375a_uniq; Type: CONSTRAINT; Schema: public; Owner: oleonb
--

ALTER TABLE ONLY public.auth_permission
    ADD CONSTRAINT auth_permission_content_type_id_codename_01ab375a_uniq UNIQUE (content_type_id, codename);


--
-- Name: auth_permission auth_permission_pkey; Type: CONSTRAINT; Schema: public; Owner: oleonb
--

ALTER TABLE ONLY public.auth_permission
    ADD CONSTRAINT auth_permission_pkey PRIMARY KEY (id);


--
-- Name: chartofaccounts_account chartofaccounts_account_name_household_id_71363dc9_uniq; Type: CONSTRAINT; Schema: public; Owner: oleonb
--

ALTER TABLE ONLY public.chartofaccounts_account
    ADD CONSTRAINT chartofaccounts_account_name_household_id_71363dc9_uniq UNIQUE (name, household_id);


--
-- Name: chartofaccounts_account chartofaccounts_account_pkey; Type: CONSTRAINT; Schema: public; Owner: oleonb
--

ALTER TABLE ONLY public.chartofaccounts_account
    ADD CONSTRAINT chartofaccounts_account_pkey PRIMARY KEY (id);


--
-- Name: chat_chat_participants chat_chat_participants_chat_id_user_id_69c2a5ac_uniq; Type: CONSTRAINT; Schema: public; Owner: oleonb
--

ALTER TABLE ONLY public.chat_chat_participants
    ADD CONSTRAINT chat_chat_participants_chat_id_user_id_69c2a5ac_uniq UNIQUE (chat_id, user_id);


--
-- Name: chat_chat_participants chat_chat_participants_pkey; Type: CONSTRAINT; Schema: public; Owner: oleonb
--

ALTER TABLE ONLY public.chat_chat_participants
    ADD CONSTRAINT chat_chat_participants_pkey PRIMARY KEY (id);


--
-- Name: chat_chat chat_chat_pkey; Type: CONSTRAINT; Schema: public; Owner: oleonb
--

ALTER TABLE ONLY public.chat_chat
    ADD CONSTRAINT chat_chat_pkey PRIMARY KEY (id);


--
-- Name: chat_chat_transactions chat_chat_transactions_chat_id_transaction_id_dca24d31_uniq; Type: CONSTRAINT; Schema: public; Owner: oleonb
--

ALTER TABLE ONLY public.chat_chat_transactions
    ADD CONSTRAINT chat_chat_transactions_chat_id_transaction_id_dca24d31_uniq UNIQUE (chat_id, transaction_id);


--
-- Name: chat_chat_transactions chat_chat_transactions_pkey; Type: CONSTRAINT; Schema: public; Owner: oleonb
--

ALTER TABLE ONLY public.chat_chat_transactions
    ADD CONSTRAINT chat_chat_transactions_pkey PRIMARY KEY (id);


--
-- Name: chat_message_deleted_for chat_message_deleted_for_message_id_user_id_c7015db0_uniq; Type: CONSTRAINT; Schema: public; Owner: oleonb
--

ALTER TABLE ONLY public.chat_message_deleted_for
    ADD CONSTRAINT chat_message_deleted_for_message_id_user_id_c7015db0_uniq UNIQUE (message_id, user_id);


--
-- Name: chat_message_deleted_for chat_message_deleted_for_pkey; Type: CONSTRAINT; Schema: public; Owner: oleonb
--

ALTER TABLE ONLY public.chat_message_deleted_for
    ADD CONSTRAINT chat_message_deleted_for_pkey PRIMARY KEY (id);


--
-- Name: chat_message chat_message_pkey; Type: CONSTRAINT; Schema: public; Owner: oleonb
--

ALTER TABLE ONLY public.chat_message
    ADD CONSTRAINT chat_message_pkey PRIMARY KEY (id);


--
-- Name: chat_message_starred_by chat_message_starred_by_message_id_user_id_508fa742_uniq; Type: CONSTRAINT; Schema: public; Owner: oleonb
--

ALTER TABLE ONLY public.chat_message_starred_by
    ADD CONSTRAINT chat_message_starred_by_message_id_user_id_508fa742_uniq UNIQUE (message_id, user_id);


--
-- Name: chat_message_starred_by chat_message_starred_by_pkey; Type: CONSTRAINT; Schema: public; Owner: oleonb
--

ALTER TABLE ONLY public.chat_message_starred_by
    ADD CONSTRAINT chat_message_starred_by_pkey PRIMARY KEY (id);


--
-- Name: django_admin_log django_admin_log_pkey; Type: CONSTRAINT; Schema: public; Owner: oleonb
--

ALTER TABLE ONLY public.django_admin_log
    ADD CONSTRAINT django_admin_log_pkey PRIMARY KEY (id);


--
-- Name: django_content_type django_content_type_app_label_model_76bd3d3b_uniq; Type: CONSTRAINT; Schema: public; Owner: oleonb
--

ALTER TABLE ONLY public.django_content_type
    ADD CONSTRAINT django_content_type_app_label_model_76bd3d3b_uniq UNIQUE (app_label, model);


--
-- Name: django_content_type django_content_type_pkey; Type: CONSTRAINT; Schema: public; Owner: oleonb
--

ALTER TABLE ONLY public.django_content_type
    ADD CONSTRAINT django_content_type_pkey PRIMARY KEY (id);


--
-- Name: django_migrations django_migrations_pkey; Type: CONSTRAINT; Schema: public; Owner: oleonb
--

ALTER TABLE ONLY public.django_migrations
    ADD CONSTRAINT django_migrations_pkey PRIMARY KEY (id);


--
-- Name: django_session django_session_pkey; Type: CONSTRAINT; Schema: public; Owner: oleonb
--

ALTER TABLE ONLY public.django_session
    ADD CONSTRAINT django_session_pkey PRIMARY KEY (session_key);


--
-- Name: django_site django_site_domain_a2e37b91_uniq; Type: CONSTRAINT; Schema: public; Owner: oleonb
--

ALTER TABLE ONLY public.django_site
    ADD CONSTRAINT django_site_domain_a2e37b91_uniq UNIQUE (domain);


--
-- Name: django_site django_site_pkey; Type: CONSTRAINT; Schema: public; Owner: oleonb
--

ALTER TABLE ONLY public.django_site
    ADD CONSTRAINT django_site_pkey PRIMARY KEY (id);


--
-- Name: households_household households_household_name_key; Type: CONSTRAINT; Schema: public; Owner: oleonb
--

ALTER TABLE ONLY public.households_household
    ADD CONSTRAINT households_household_name_key UNIQUE (name);


--
-- Name: households_household households_household_pkey; Type: CONSTRAINT; Schema: public; Owner: oleonb
--

ALTER TABLE ONLY public.households_household
    ADD CONSTRAINT households_household_pkey PRIMARY KEY (id);


--
-- Name: transactions_tag transactions_tag_name_key; Type: CONSTRAINT; Schema: public; Owner: oleonb
--

ALTER TABLE ONLY public.transactions_tag
    ADD CONSTRAINT transactions_tag_name_key UNIQUE (name);


--
-- Name: transactions_tag transactions_tag_pkey; Type: CONSTRAINT; Schema: public; Owner: oleonb
--

ALTER TABLE ONLY public.transactions_tag
    ADD CONSTRAINT transactions_tag_pkey PRIMARY KEY (id);


--
-- Name: transactions_transaction transactions_transaction_pkey; Type: CONSTRAINT; Schema: public; Owner: oleonb
--

ALTER TABLE ONLY public.transactions_transaction
    ADD CONSTRAINT transactions_transaction_pkey PRIMARY KEY (id);


--
-- Name: transactions_transaction_tags transactions_transaction_tags_pkey; Type: CONSTRAINT; Schema: public; Owner: oleonb
--

ALTER TABLE ONLY public.transactions_transaction_tags
    ADD CONSTRAINT transactions_transaction_tags_pkey PRIMARY KEY (id);


--
-- Name: transactions_transaction_tags transactions_transaction_transaction_id_tag_id_f605942e_uniq; Type: CONSTRAINT; Schema: public; Owner: oleonb
--

ALTER TABLE ONLY public.transactions_transaction_tags
    ADD CONSTRAINT transactions_transaction_transaction_id_tag_id_f605942e_uniq UNIQUE (transaction_id, tag_id);


--
-- Name: accounts_pendinginvitation_household_id_d9fa7fed; Type: INDEX; Schema: public; Owner: oleonb
--

CREATE INDEX accounts_pendinginvitation_household_id_d9fa7fed ON public.accounts_pendinginvitation USING btree (household_id);


--
-- Name: accounts_user_groups_group_id_bd11a704; Type: INDEX; Schema: public; Owner: oleonb
--

CREATE INDEX accounts_user_groups_group_id_bd11a704 ON public.accounts_user_groups USING btree (group_id);


--
-- Name: accounts_user_groups_user_id_52b62117; Type: INDEX; Schema: public; Owner: oleonb
--

CREATE INDEX accounts_user_groups_user_id_52b62117 ON public.accounts_user_groups USING btree (user_id);


--
-- Name: accounts_user_household_id_8d572f74; Type: INDEX; Schema: public; Owner: oleonb
--

CREATE INDEX accounts_user_household_id_8d572f74 ON public.accounts_user USING btree (household_id);


--
-- Name: accounts_user_user_permissions_permission_id_113bb443; Type: INDEX; Schema: public; Owner: oleonb
--

CREATE INDEX accounts_user_user_permissions_permission_id_113bb443 ON public.accounts_user_user_permissions USING btree (permission_id);


--
-- Name: accounts_user_user_permissions_user_id_e4f0a161; Type: INDEX; Schema: public; Owner: oleonb
--

CREATE INDEX accounts_user_user_permissions_user_id_e4f0a161 ON public.accounts_user_user_permissions USING btree (user_id);


--
-- Name: accounts_user_username_6088629e_like; Type: INDEX; Schema: public; Owner: oleonb
--

CREATE INDEX accounts_user_username_6088629e_like ON public.accounts_user USING btree (username varchar_pattern_ops);


--
-- Name: audit_auditlog_performed_by_id_66df0a50; Type: INDEX; Schema: public; Owner: oleonb
--

CREATE INDEX audit_auditlog_performed_by_id_66df0a50 ON public.audit_auditlog USING btree (performed_by_id);


--
-- Name: auth_group_name_a6ea08ec_like; Type: INDEX; Schema: public; Owner: oleonb
--

CREATE INDEX auth_group_name_a6ea08ec_like ON public.auth_group USING btree (name varchar_pattern_ops);


--
-- Name: auth_group_permissions_group_id_b120cbf9; Type: INDEX; Schema: public; Owner: oleonb
--

CREATE INDEX auth_group_permissions_group_id_b120cbf9 ON public.auth_group_permissions USING btree (group_id);


--
-- Name: auth_group_permissions_permission_id_84c5c92e; Type: INDEX; Schema: public; Owner: oleonb
--

CREATE INDEX auth_group_permissions_permission_id_84c5c92e ON public.auth_group_permissions USING btree (permission_id);


--
-- Name: auth_permission_content_type_id_2f476e4b; Type: INDEX; Schema: public; Owner: oleonb
--

CREATE INDEX auth_permission_content_type_id_2f476e4b ON public.auth_permission USING btree (content_type_id);


--
-- Name: chartofacco_functio_3f8936_idx; Type: INDEX; Schema: public; Owner: oleonb
--

CREATE INDEX chartofacco_functio_3f8936_idx ON public.chartofaccounts_account USING btree (functional_type);


--
-- Name: chartofacco_househo_7f57f7_idx; Type: INDEX; Schema: public; Owner: oleonb
--

CREATE INDEX chartofacco_househo_7f57f7_idx ON public.chartofaccounts_account USING btree (household_id);


--
-- Name: chartofacco_type_e56b22_idx; Type: INDEX; Schema: public; Owner: oleonb
--

CREATE INDEX chartofacco_type_e56b22_idx ON public.chartofaccounts_account USING btree (type);


--
-- Name: chartofaccounts_account_household_id_a5149287; Type: INDEX; Schema: public; Owner: oleonb
--

CREATE INDEX chartofaccounts_account_household_id_a5149287 ON public.chartofaccounts_account USING btree (household_id);


--
-- Name: chartofaccounts_account_parent_id_dd1fc2ec; Type: INDEX; Schema: public; Owner: oleonb
--

CREATE INDEX chartofaccounts_account_parent_id_dd1fc2ec ON public.chartofaccounts_account USING btree (parent_id);


--
-- Name: chat_chat_participants_chat_id_c4383b55; Type: INDEX; Schema: public; Owner: oleonb
--

CREATE INDEX chat_chat_participants_chat_id_c4383b55 ON public.chat_chat_participants USING btree (chat_id);


--
-- Name: chat_chat_participants_user_id_581344a5; Type: INDEX; Schema: public; Owner: oleonb
--

CREATE INDEX chat_chat_participants_user_id_581344a5 ON public.chat_chat_participants USING btree (user_id);


--
-- Name: chat_chat_transactions_chat_id_07381b5a; Type: INDEX; Schema: public; Owner: oleonb
--

CREATE INDEX chat_chat_transactions_chat_id_07381b5a ON public.chat_chat_transactions USING btree (chat_id);


--
-- Name: chat_chat_transactions_transaction_id_d04f503a; Type: INDEX; Schema: public; Owner: oleonb
--

CREATE INDEX chat_chat_transactions_transaction_id_d04f503a ON public.chat_chat_transactions USING btree (transaction_id);


--
-- Name: chat_message_chat_id_21483fa7; Type: INDEX; Schema: public; Owner: oleonb
--

CREATE INDEX chat_message_chat_id_21483fa7 ON public.chat_message USING btree (chat_id);


--
-- Name: chat_message_deleted_for_message_id_bc8dfb72; Type: INDEX; Schema: public; Owner: oleonb
--

CREATE INDEX chat_message_deleted_for_message_id_bc8dfb72 ON public.chat_message_deleted_for USING btree (message_id);


--
-- Name: chat_message_deleted_for_user_id_d02b1fe6; Type: INDEX; Schema: public; Owner: oleonb
--

CREATE INDEX chat_message_deleted_for_user_id_d02b1fe6 ON public.chat_message_deleted_for USING btree (user_id);


--
-- Name: chat_message_forwarded_from_id_f1d0afc3; Type: INDEX; Schema: public; Owner: oleonb
--

CREATE INDEX chat_message_forwarded_from_id_f1d0afc3 ON public.chat_message USING btree (forwarded_from_id);


--
-- Name: chat_message_reply_to_id_afede338; Type: INDEX; Schema: public; Owner: oleonb
--

CREATE INDEX chat_message_reply_to_id_afede338 ON public.chat_message USING btree (reply_to_id);


--
-- Name: chat_message_sender_id_991c686c; Type: INDEX; Schema: public; Owner: oleonb
--

CREATE INDEX chat_message_sender_id_991c686c ON public.chat_message USING btree (sender_id);


--
-- Name: chat_message_starred_by_message_id_121ee767; Type: INDEX; Schema: public; Owner: oleonb
--

CREATE INDEX chat_message_starred_by_message_id_121ee767 ON public.chat_message_starred_by USING btree (message_id);


--
-- Name: chat_message_starred_by_user_id_c2ae868a; Type: INDEX; Schema: public; Owner: oleonb
--

CREATE INDEX chat_message_starred_by_user_id_c2ae868a ON public.chat_message_starred_by USING btree (user_id);


--
-- Name: django_admin_log_content_type_id_c4bce8eb; Type: INDEX; Schema: public; Owner: oleonb
--

CREATE INDEX django_admin_log_content_type_id_c4bce8eb ON public.django_admin_log USING btree (content_type_id);


--
-- Name: django_admin_log_user_id_c564eba6; Type: INDEX; Schema: public; Owner: oleonb
--

CREATE INDEX django_admin_log_user_id_c564eba6 ON public.django_admin_log USING btree (user_id);


--
-- Name: django_session_expire_date_a5c62663; Type: INDEX; Schema: public; Owner: oleonb
--

CREATE INDEX django_session_expire_date_a5c62663 ON public.django_session USING btree (expire_date);


--
-- Name: django_session_session_key_c0390e0f_like; Type: INDEX; Schema: public; Owner: oleonb
--

CREATE INDEX django_session_session_key_c0390e0f_like ON public.django_session USING btree (session_key varchar_pattern_ops);


--
-- Name: django_site_domain_a2e37b91_like; Type: INDEX; Schema: public; Owner: oleonb
--

CREATE INDEX django_site_domain_a2e37b91_like ON public.django_site USING btree (domain varchar_pattern_ops);


--
-- Name: households_household_name_1705efc1_like; Type: INDEX; Schema: public; Owner: oleonb
--

CREATE INDEX households_household_name_1705efc1_like ON public.households_household USING btree (name varchar_pattern_ops);


--
-- Name: transactions_tag_name_c47b4a33_like; Type: INDEX; Schema: public; Owner: oleonb
--

CREATE INDEX transactions_tag_name_c47b4a33_like ON public.transactions_tag USING btree (name varchar_pattern_ops);


--
-- Name: transactions_transaction_created_by_id_8e7e5eaa; Type: INDEX; Schema: public; Owner: oleonb
--

CREATE INDEX transactions_transaction_created_by_id_8e7e5eaa ON public.transactions_transaction USING btree (created_by_id);


--
-- Name: transactions_transaction_destination_account_id_b99d7b8d; Type: INDEX; Schema: public; Owner: oleonb
--

CREATE INDEX transactions_transaction_destination_account_id_b99d7b8d ON public.transactions_transaction USING btree (destination_account_id);


--
-- Name: transactions_transaction_household_id_6e0b9d46; Type: INDEX; Schema: public; Owner: oleonb
--

CREATE INDEX transactions_transaction_household_id_6e0b9d46 ON public.transactions_transaction USING btree (household_id);


--
-- Name: transactions_transaction_source_account_id_a25f0a81; Type: INDEX; Schema: public; Owner: oleonb
--

CREATE INDEX transactions_transaction_source_account_id_a25f0a81 ON public.transactions_transaction USING btree (source_account_id);


--
-- Name: transactions_transaction_tags_tag_id_59291f83; Type: INDEX; Schema: public; Owner: oleonb
--

CREATE INDEX transactions_transaction_tags_tag_id_59291f83 ON public.transactions_transaction_tags USING btree (tag_id);


--
-- Name: transactions_transaction_tags_transaction_id_b4bea1f3; Type: INDEX; Schema: public; Owner: oleonb
--

CREATE INDEX transactions_transaction_tags_transaction_id_b4bea1f3 ON public.transactions_transaction_tags USING btree (transaction_id);


--
-- Name: accounts_pendinginvitation accounts_pendinginvi_household_id_d9fa7fed_fk_household; Type: FK CONSTRAINT; Schema: public; Owner: oleonb
--

ALTER TABLE ONLY public.accounts_pendinginvitation
    ADD CONSTRAINT accounts_pendinginvi_household_id_d9fa7fed_fk_household FOREIGN KEY (household_id) REFERENCES public.households_household(id) DEFERRABLE INITIALLY DEFERRED;


--
-- Name: accounts_user_groups accounts_user_groups_group_id_bd11a704_fk_auth_group_id; Type: FK CONSTRAINT; Schema: public; Owner: oleonb
--

ALTER TABLE ONLY public.accounts_user_groups
    ADD CONSTRAINT accounts_user_groups_group_id_bd11a704_fk_auth_group_id FOREIGN KEY (group_id) REFERENCES public.auth_group(id) DEFERRABLE INITIALLY DEFERRED;


--
-- Name: accounts_user_groups accounts_user_groups_user_id_52b62117_fk_accounts_user_id; Type: FK CONSTRAINT; Schema: public; Owner: oleonb
--

ALTER TABLE ONLY public.accounts_user_groups
    ADD CONSTRAINT accounts_user_groups_user_id_52b62117_fk_accounts_user_id FOREIGN KEY (user_id) REFERENCES public.accounts_user(id) DEFERRABLE INITIALLY DEFERRED;


--
-- Name: accounts_user accounts_user_household_id_8d572f74_fk_households_household_id; Type: FK CONSTRAINT; Schema: public; Owner: oleonb
--

ALTER TABLE ONLY public.accounts_user
    ADD CONSTRAINT accounts_user_household_id_8d572f74_fk_households_household_id FOREIGN KEY (household_id) REFERENCES public.households_household(id) DEFERRABLE INITIALLY DEFERRED;


--
-- Name: accounts_user_user_permissions accounts_user_user_p_permission_id_113bb443_fk_auth_perm; Type: FK CONSTRAINT; Schema: public; Owner: oleonb
--

ALTER TABLE ONLY public.accounts_user_user_permissions
    ADD CONSTRAINT accounts_user_user_p_permission_id_113bb443_fk_auth_perm FOREIGN KEY (permission_id) REFERENCES public.auth_permission(id) DEFERRABLE INITIALLY DEFERRED;


--
-- Name: accounts_user_user_permissions accounts_user_user_p_user_id_e4f0a161_fk_accounts_; Type: FK CONSTRAINT; Schema: public; Owner: oleonb
--

ALTER TABLE ONLY public.accounts_user_user_permissions
    ADD CONSTRAINT accounts_user_user_p_user_id_e4f0a161_fk_accounts_ FOREIGN KEY (user_id) REFERENCES public.accounts_user(id) DEFERRABLE INITIALLY DEFERRED;


--
-- Name: audit_auditlog audit_auditlog_performed_by_id_66df0a50_fk_accounts_user_id; Type: FK CONSTRAINT; Schema: public; Owner: oleonb
--

ALTER TABLE ONLY public.audit_auditlog
    ADD CONSTRAINT audit_auditlog_performed_by_id_66df0a50_fk_accounts_user_id FOREIGN KEY (performed_by_id) REFERENCES public.accounts_user(id) DEFERRABLE INITIALLY DEFERRED;


--
-- Name: auth_group_permissions auth_group_permissio_permission_id_84c5c92e_fk_auth_perm; Type: FK CONSTRAINT; Schema: public; Owner: oleonb
--

ALTER TABLE ONLY public.auth_group_permissions
    ADD CONSTRAINT auth_group_permissio_permission_id_84c5c92e_fk_auth_perm FOREIGN KEY (permission_id) REFERENCES public.auth_permission(id) DEFERRABLE INITIALLY DEFERRED;


--
-- Name: auth_group_permissions auth_group_permissions_group_id_b120cbf9_fk_auth_group_id; Type: FK CONSTRAINT; Schema: public; Owner: oleonb
--

ALTER TABLE ONLY public.auth_group_permissions
    ADD CONSTRAINT auth_group_permissions_group_id_b120cbf9_fk_auth_group_id FOREIGN KEY (group_id) REFERENCES public.auth_group(id) DEFERRABLE INITIALLY DEFERRED;


--
-- Name: auth_permission auth_permission_content_type_id_2f476e4b_fk_django_co; Type: FK CONSTRAINT; Schema: public; Owner: oleonb
--

ALTER TABLE ONLY public.auth_permission
    ADD CONSTRAINT auth_permission_content_type_id_2f476e4b_fk_django_co FOREIGN KEY (content_type_id) REFERENCES public.django_content_type(id) DEFERRABLE INITIALLY DEFERRED;


--
-- Name: chartofaccounts_account chartofaccounts_acco_household_id_a5149287_fk_household; Type: FK CONSTRAINT; Schema: public; Owner: oleonb
--

ALTER TABLE ONLY public.chartofaccounts_account
    ADD CONSTRAINT chartofaccounts_acco_household_id_a5149287_fk_household FOREIGN KEY (household_id) REFERENCES public.households_household(id) DEFERRABLE INITIALLY DEFERRED;


--
-- Name: chartofaccounts_account chartofaccounts_acco_parent_id_dd1fc2ec_fk_chartofac; Type: FK CONSTRAINT; Schema: public; Owner: oleonb
--

ALTER TABLE ONLY public.chartofaccounts_account
    ADD CONSTRAINT chartofaccounts_acco_parent_id_dd1fc2ec_fk_chartofac FOREIGN KEY (parent_id) REFERENCES public.chartofaccounts_account(id) DEFERRABLE INITIALLY DEFERRED;


--
-- Name: chat_chat_participants chat_chat_participants_chat_id_c4383b55_fk_chat_chat_id; Type: FK CONSTRAINT; Schema: public; Owner: oleonb
--

ALTER TABLE ONLY public.chat_chat_participants
    ADD CONSTRAINT chat_chat_participants_chat_id_c4383b55_fk_chat_chat_id FOREIGN KEY (chat_id) REFERENCES public.chat_chat(id) DEFERRABLE INITIALLY DEFERRED;


--
-- Name: chat_chat_participants chat_chat_participants_user_id_581344a5_fk_accounts_user_id; Type: FK CONSTRAINT; Schema: public; Owner: oleonb
--

ALTER TABLE ONLY public.chat_chat_participants
    ADD CONSTRAINT chat_chat_participants_user_id_581344a5_fk_accounts_user_id FOREIGN KEY (user_id) REFERENCES public.accounts_user(id) DEFERRABLE INITIALLY DEFERRED;


--
-- Name: chat_chat_transactions chat_chat_transactio_transaction_id_d04f503a_fk_transacti; Type: FK CONSTRAINT; Schema: public; Owner: oleonb
--

ALTER TABLE ONLY public.chat_chat_transactions
    ADD CONSTRAINT chat_chat_transactio_transaction_id_d04f503a_fk_transacti FOREIGN KEY (transaction_id) REFERENCES public.transactions_transaction(id) DEFERRABLE INITIALLY DEFERRED;


--
-- Name: chat_chat_transactions chat_chat_transactions_chat_id_07381b5a_fk_chat_chat_id; Type: FK CONSTRAINT; Schema: public; Owner: oleonb
--

ALTER TABLE ONLY public.chat_chat_transactions
    ADD CONSTRAINT chat_chat_transactions_chat_id_07381b5a_fk_chat_chat_id FOREIGN KEY (chat_id) REFERENCES public.chat_chat(id) DEFERRABLE INITIALLY DEFERRED;


--
-- Name: chat_message chat_message_chat_id_21483fa7_fk_chat_chat_id; Type: FK CONSTRAINT; Schema: public; Owner: oleonb
--

ALTER TABLE ONLY public.chat_message
    ADD CONSTRAINT chat_message_chat_id_21483fa7_fk_chat_chat_id FOREIGN KEY (chat_id) REFERENCES public.chat_chat(id) DEFERRABLE INITIALLY DEFERRED;


--
-- Name: chat_message_deleted_for chat_message_deleted_for_message_id_bc8dfb72_fk_chat_message_id; Type: FK CONSTRAINT; Schema: public; Owner: oleonb
--

ALTER TABLE ONLY public.chat_message_deleted_for
    ADD CONSTRAINT chat_message_deleted_for_message_id_bc8dfb72_fk_chat_message_id FOREIGN KEY (message_id) REFERENCES public.chat_message(id) DEFERRABLE INITIALLY DEFERRED;


--
-- Name: chat_message_deleted_for chat_message_deleted_for_user_id_d02b1fe6_fk_accounts_user_id; Type: FK CONSTRAINT; Schema: public; Owner: oleonb
--

ALTER TABLE ONLY public.chat_message_deleted_for
    ADD CONSTRAINT chat_message_deleted_for_user_id_d02b1fe6_fk_accounts_user_id FOREIGN KEY (user_id) REFERENCES public.accounts_user(id) DEFERRABLE INITIALLY DEFERRED;


--
-- Name: chat_message chat_message_forwarded_from_id_f1d0afc3_fk_chat_message_id; Type: FK CONSTRAINT; Schema: public; Owner: oleonb
--

ALTER TABLE ONLY public.chat_message
    ADD CONSTRAINT chat_message_forwarded_from_id_f1d0afc3_fk_chat_message_id FOREIGN KEY (forwarded_from_id) REFERENCES public.chat_message(id) DEFERRABLE INITIALLY DEFERRED;


--
-- Name: chat_message chat_message_reply_to_id_afede338_fk_chat_message_id; Type: FK CONSTRAINT; Schema: public; Owner: oleonb
--

ALTER TABLE ONLY public.chat_message
    ADD CONSTRAINT chat_message_reply_to_id_afede338_fk_chat_message_id FOREIGN KEY (reply_to_id) REFERENCES public.chat_message(id) DEFERRABLE INITIALLY DEFERRED;


--
-- Name: chat_message chat_message_sender_id_991c686c_fk_accounts_user_id; Type: FK CONSTRAINT; Schema: public; Owner: oleonb
--

ALTER TABLE ONLY public.chat_message
    ADD CONSTRAINT chat_message_sender_id_991c686c_fk_accounts_user_id FOREIGN KEY (sender_id) REFERENCES public.accounts_user(id) DEFERRABLE INITIALLY DEFERRED;


--
-- Name: chat_message_starred_by chat_message_starred_by_message_id_121ee767_fk_chat_message_id; Type: FK CONSTRAINT; Schema: public; Owner: oleonb
--

ALTER TABLE ONLY public.chat_message_starred_by
    ADD CONSTRAINT chat_message_starred_by_message_id_121ee767_fk_chat_message_id FOREIGN KEY (message_id) REFERENCES public.chat_message(id) DEFERRABLE INITIALLY DEFERRED;


--
-- Name: chat_message_starred_by chat_message_starred_by_user_id_c2ae868a_fk_accounts_user_id; Type: FK CONSTRAINT; Schema: public; Owner: oleonb
--

ALTER TABLE ONLY public.chat_message_starred_by
    ADD CONSTRAINT chat_message_starred_by_user_id_c2ae868a_fk_accounts_user_id FOREIGN KEY (user_id) REFERENCES public.accounts_user(id) DEFERRABLE INITIALLY DEFERRED;


--
-- Name: django_admin_log django_admin_log_content_type_id_c4bce8eb_fk_django_co; Type: FK CONSTRAINT; Schema: public; Owner: oleonb
--

ALTER TABLE ONLY public.django_admin_log
    ADD CONSTRAINT django_admin_log_content_type_id_c4bce8eb_fk_django_co FOREIGN KEY (content_type_id) REFERENCES public.django_content_type(id) DEFERRABLE INITIALLY DEFERRED;


--
-- Name: django_admin_log django_admin_log_user_id_c564eba6_fk_accounts_user_id; Type: FK CONSTRAINT; Schema: public; Owner: oleonb
--

ALTER TABLE ONLY public.django_admin_log
    ADD CONSTRAINT django_admin_log_user_id_c564eba6_fk_accounts_user_id FOREIGN KEY (user_id) REFERENCES public.accounts_user(id) DEFERRABLE INITIALLY DEFERRED;


--
-- Name: transactions_transaction transactions_transac_created_by_id_8e7e5eaa_fk_accounts_; Type: FK CONSTRAINT; Schema: public; Owner: oleonb
--

ALTER TABLE ONLY public.transactions_transaction
    ADD CONSTRAINT transactions_transac_created_by_id_8e7e5eaa_fk_accounts_ FOREIGN KEY (created_by_id) REFERENCES public.accounts_user(id) DEFERRABLE INITIALLY DEFERRED;


--
-- Name: transactions_transaction transactions_transac_destination_account__b99d7b8d_fk_chartofac; Type: FK CONSTRAINT; Schema: public; Owner: oleonb
--

ALTER TABLE ONLY public.transactions_transaction
    ADD CONSTRAINT transactions_transac_destination_account__b99d7b8d_fk_chartofac FOREIGN KEY (destination_account_id) REFERENCES public.chartofaccounts_account(id) DEFERRABLE INITIALLY DEFERRED;


--
-- Name: transactions_transaction transactions_transac_household_id_6e0b9d46_fk_household; Type: FK CONSTRAINT; Schema: public; Owner: oleonb
--

ALTER TABLE ONLY public.transactions_transaction
    ADD CONSTRAINT transactions_transac_household_id_6e0b9d46_fk_household FOREIGN KEY (household_id) REFERENCES public.households_household(id) DEFERRABLE INITIALLY DEFERRED;


--
-- Name: transactions_transaction transactions_transac_source_account_id_a25f0a81_fk_chartofac; Type: FK CONSTRAINT; Schema: public; Owner: oleonb
--

ALTER TABLE ONLY public.transactions_transaction
    ADD CONSTRAINT transactions_transac_source_account_id_a25f0a81_fk_chartofac FOREIGN KEY (source_account_id) REFERENCES public.chartofaccounts_account(id) DEFERRABLE INITIALLY DEFERRED;


--
-- Name: transactions_transaction_tags transactions_transac_tag_id_59291f83_fk_transacti; Type: FK CONSTRAINT; Schema: public; Owner: oleonb
--

ALTER TABLE ONLY public.transactions_transaction_tags
    ADD CONSTRAINT transactions_transac_tag_id_59291f83_fk_transacti FOREIGN KEY (tag_id) REFERENCES public.transactions_tag(id) DEFERRABLE INITIALLY DEFERRED;


--
-- Name: transactions_transaction_tags transactions_transac_transaction_id_b4bea1f3_fk_transacti; Type: FK CONSTRAINT; Schema: public; Owner: oleonb
--

ALTER TABLE ONLY public.transactions_transaction_tags
    ADD CONSTRAINT transactions_transac_transaction_id_b4bea1f3_fk_transacti FOREIGN KEY (transaction_id) REFERENCES public.transactions_transaction(id) DEFERRABLE INITIALLY DEFERRED;


--
-- PostgreSQL database dump complete
--

